circuito_id,FRENTE DE IZQUIERDA Y DE TRABAJADORES - UNIDAD,HACEMOS POR NUESTRO PAIS,JUNTOS POR EL CAMBIO,LA LIBERTAD AVANZA,UNION POR LA PATRIA
00001,2614,6528,35480,33819,29082
00002,1808,4661,26173,27166,23181
00003,3130,10728,38990,54702,48363
00004,2322,8198,37117,45724,44980
00005,2475,8828,32008,46382,46898
00006,1591,5069,24314,26325,24243
00007,2975,8381,32007,53192,49552
00008,2423,6311,26422,35042,31632
00009,2931,7607,29862,38931,44553
00010,3073,10863,31369,42975,46837
00011,1736,4159,16403,20848,21839
00012,1379,5763,18818,21927,24701
00013,1204,4238,14022,17233,18272
00014,1620,4364,17741,24614,22270
00015,1324,3508,16377,21141,24431
00016,1068,2349,12376,13029,14579
00017,2647,7228,32602,32440,38459
00018,2578,4309,21905,24860,30558
00019,4647,5748,24623,34293,54277
0001A,168,663,3337,3327,2002
0001B,29,258,822,1036,724
0001C,71,569,1625,2361,1737
0001D,62,436,1389,2127,2049
0001E,92,359,1125,1588,1075
0001F,113,572,2716,2836,1384
0001G,99,572,1856,2785,1436
0001H,105,1064,1114,4755,5085
0001I,145,1161,1262,5663,5606
0001J,14,101,228,484,374
0001K,25,249,482,948,612
0001L,126,1140,1587,4441,4053
0001M,100,889,1411,3398,2824
0001N,116,1174,1384,4668,4378
0001O,16,186,415,670,530
0001P,234,2503,2589,10203,8624
0001Q,2,11,17,29,55
0001R,1,1,3,8,16
0001S,1,3,3,18,57
0001T,1,4,11,20,114
0001U,0,3,13,12,71
0001V,4,7,23,58,168
0001W,2,2,10,26,68
0001X,1,2,6,6,22
00020,2085,3396,20431,21037,29064
00021,3619,5298,28582,39631,54050
00022,3547,6328,24971,32345,37178
00023,1547,3455,22212,20718,28039
00024,1244,3115,18231,19250,23909
00025,1686,3716,18913,18900,20970
00026,1517,5221,21199,18318,20992
00027,2710,4016,22133,28972,31521
00028,1924,8089,21987,25358,22219
00029,1349,5485,17545,22080,19846
0002A,653,1928,8674,13083,16981
0002B,118,573,1203,2720,2056
0002C,154,938,2084,4440,3320
0002D,308,1420,2230,6406,4000
0002E,27,92,335,509,293
0002F,90,356,865,1854,1104
0002G,176,606,1317,2990,1927
0002H,32,123,355,630,390
0002I,189,552,844,2935,2156
0002J,150,531,863,2727,2361
0002K,96,383,644,1944,1227
0002L,85,342,527,1352,1331
0002M,151,464,885,2902,2088
0002N,105,410,605,2270,1517
0002O,197,543,695,3528,2675
0002P,121,379,557,2247,1601
0002Q,222,707,1083,4341,3247
00030,2339,5630,19087,28314,28950
00031,2588,4569,16192,30931,24395
00032,2573,4784,27233,43040,46270
00033,1659,7411,18816,24781,18306
00034,3545,8618,26528,40925,49024
00035,1293,5752,7744,14424,11363
00036,2236,4276,17623,29968,39096
00037,2367,6363,19045,23616,30625
00038,2113,4630,16398,19846,28227
00039,2683,3252,18537,24257,43918
0003A,786,2230,6247,14251,12306
0003B,419,1424,2867,7111,4565
0003C,211,687,1175,3835,2291
0003D,156,452,840,2432,1490
0003E,94,306,836,1485,985
0003F,103,368,830,1724,1174
0003G,216,702,1402,3392,1909
0003H,102,400,1224,2064,1200
0003I,362,967,1081,6169,4653
0003J,79,221,201,1380,946
0003K,94,380,1839,2395,1048
0003L,121,666,1201,3038,1376
00040,3628,8478,33710,34574,46684
00041,1974,8539,19858,28589,30829
00042,1655,2893,10533,16270,20590
00043,2349,3252,15479,26761,40086
00044,1861,9943,18465,38441,48330
00045,907,2836,12214,16428,19636
00046,1673,3099,13376,15568,16094
00047,1815,2990,12518,22350,25041
00048,3391,6202,29924,43836,43675
00049,1194,2539,15546,18791,26495
0004A,1150,5563,12577,23582,21101
0004B,418,2619,5825,7097,8291
0004C,108,1430,1484,2394,1216
0004D,278,959,1859,4170,2746
0004E,48,1027,181,1028,209
0004F,36,1302,196,851,369
00050,1569,2102,10918,14418,18358
00051,1181,2030,8387,13991,13900
00052,942,1334,7124,11407,22542
00053,2115,3962,14323,29736,30864
00054,1774,3211,11570,21195,26913
00055,879,2615,10730,13681,16740
00056,1205,4503,9536,17346,19439
00057,2074,4136,17629,25869,24050
00058,2557,5188,20769,30712,30827
00059,1489,2689,16154,19729,19816
0005A,1000,3954,17770,20824,17362
0005B,534,1582,12132,12260,11680
0005C,710,5372,10735,14694,9786
0005D,415,5134,2468,7158,3477
0005E,457,2359,1647,8362,6896
0005F,266,2610,1083,5151,4098
0005G,400,3782,4528,7509,3117
0005H,102,1176,767,1743,1010
0005I,312,2885,2379,6246,3140
0005J,19,75,304,460,200
0005K,58,237,558,1073,562
0005L,182,685,1065,3398,1973
0005M,78,350,923,1762,710
0005N,311,636,607,4600,4429
0005O,66,146,191,1287,916
00060,3085,6153,33974,39871,45150
00061,1311,3747,15206,21482,23390
00062,930,2004,10395,15677,23602
00063,2223,3209,13054,20678,21250
00064,1717,2469,12760,16891,22492
00065,1724,2711,12907,21090,27074
00066,1606,2820,11968,20127,22002
00067,1276,2412,16703,20125,29789
00068,924,1239,9033,8597,13912
00069,3619,5419,31001,40838,36029
0006A,190,622,901,3447,2224
0006B,2,106,37,94,93
0006C,218,1582,3488,2533,1624
0006D,134,911,1759,1277,968
0006E,36,1268,110,459,186
0006F,91,2426,981,1821,685
00070,2521,5239,22254,31213,32822
00071,1274,1584,14627,12163,24865
00072,1444,3423,15849,21934,30373
00073,1587,2058,12405,11455,15761
00074,2198,3275,19072,19325,25528
00075,1283,2231,10246,15069,21190
00076,2074,2424,14583,17322,19216
00077,1557,4348,16402,25575,42109
00078,987,2581,11054,16910,19997
00079,1236,2662,11043,14422,18024
0007A,586,3480,9586,12928,13430
0007B,1120,5077,16119,19890,28566
0007C,689,988,2776,10251,17613
0007D,168,1236,2538,2074,1414
0007E,275,3744,2986,4143,1847
0007F,90,2093,1274,2002,665
0007G,164,3252,1976,3181,1179
00080,1195,2884,15853,23209,26267
00081,886,1517,9487,13603,16790
00082,832,1924,9597,14049,20035
00083,1647,2935,17675,17662,20456
00084,1605,2752,16999,21665,19271
00085,1142,1493,11539,10401,11265
00086,2405,3546,17808,23888,25876
00087,1821,2087,9243,14541,20063
00088,990,2831,11489,14858,17584
00089,3190,17184,32559,42100,40640
0008A,629,2902,8322,15355,18373
0008B,831,5511,9706,18353,18499
0008C,324,2740,3820,11411,9010
00090,1940,6771,17911,19839,22841
00091,1716,2825,14078,25421,23457
00092,1195,1924,11112,13600,16044
00093,959,1932,7978,12029,12818
00094,612,1215,6997,7040,10656
00095,1195,6453,9340,12492,12195
00096,831,1865,8468,8854,12392
00097,984,1509,7030,9739,10900
00098,1653,4777,25298,27689,32749
00099,929,3277,9726,12552,10758
0009A,815,2717,6913,13923,11378
0009B,91,1176,2255,1906,1198
0009C,163,2998,2360,3290,1306
0009D,99,1441,2654,2315,940
0009E,80,768,1083,1080,718
0009F,208,2512,3097,3566,1602
0009G,98,746,1442,1290,667
00100,1097,2017,11726,9760,13687
00101,1113,1752,10723,10477,13663
00102,1190,3337,10272,12157,13486
00103,1610,2658,9834,13534,18787
00104,1100,2388,9970,12624,18876
00105,1906,3520,14351,16671,24998
00106,980,3755,9614,11631,14563
00107,1726,3368,14560,19475,23123
00108,1425,2684,12134,16225,23278
00109,1570,4442,10759,16092,17386
0010A,1635,5472,11255,24307,20422
0010B,2387,5951,11164,24102,16012
0010C,92,2382,640,1837,650
0010D,36,1200,677,1200,366
0010E,158,3976,1724,4145,1148
0010F,211,2804,2395,3658,1252
0010G,358,3206,3983,4349,2971
0010H,185,2339,2809,2937,1438
0010I,180,2324,2518,3203,1241
0010J,140,3201,1564,3579,990
0010K,76,1999,929,2189,616
0010L,221,8180,2132,6905,1797
0010M,171,1081,128,777,236
00110,1066,1840,9564,12095,17313
00111,916,2401,10370,12232,13895
00112,882,4105,12723,15368,16937
00113,760,1669,7265,8224,12042
00114,714,982,6566,5338,8933
00115,1081,1798,7693,9831,17043
00116,645,1014,6024,4203,7602
00117,1154,3003,16765,15845,22418
00118,1315,3340,10954,13014,14780
00119,847,2172,15445,11630,15535
0011A,666,5355,7873,12638,10918
0011B,231,1855,5335,7491,6946
0011C,181,2874,3142,3658,1523
0011D,206,2031,2972,2899,1411
0011E,206,3809,2505,4067,1367
0011F,80,1951,1866,2339,740
0011G,144,4417,1726,3822,1176
0011H,85,1118,1823,1729,727
0011I,128,5463,1311,3626,1289
0011J,282,2769,3820,4159,2004
0011K,122,3655,1198,2749,1049
0011L,6,201,1420,818,99
0011M,20,842,2910,1815,462
00120,918,2121,12617,8984,9674
00121,842,2153,11386,10171,15596
00122,424,945,8587,5924,8850
00123,495,1274,6448,4072,5840
00124,799,1844,11293,11013,17091
00125,1567,4487,19915,19999,22173
00126,739,1480,10044,7806,9883
00127,624,1039,11382,5660,8019
00128,1045,3355,18881,14305,15056
00129,828,1530,11945,7112,10309
0012A,383,3164,6179,8947,9997
0012B,597,4677,9347,10763,14654
0012C,192,2150,4054,5336,7009
0012D,341,8251,3255,8415,3761
0012E,99,1866,787,2999,2148
0012F,267,4309,3823,5551,2021
0012G,144,2969,1354,3443,832
0012H,129,3048,2286,3509,1062
0012I,34,1101,161,562,232
00130,1274,3781,18147,15752,18552
00131,486,2459,9375,10384,9887
00132,802,1618,11216,7885,12448
00133,707,5908,13970,11401,13152
00134,298,1661,5212,4233,4347
00135,293,635,6707,4255,4986
00136,915,3345,19283,17081,26755
00137,368,722,6297,3244,6181
00138,566,849,11875,4577,6927
00139,395,639,8340,4325,9273
0013A,334,3969,7148,9685,8465
0013B,142,639,3918,5565,6937
0013C,153,2735,2194,3303,1227
0013D,28,923,256,855,210
0013E,18,420,154,381,92
0013F,105,1791,1415,2256,591
0013G,205,5901,2400,5649,1444
0013H,196,4618,2305,4510,1292
0013I,99,1706,729,1406,394
0013J,315,8476,4273,7853,2539
0013K,21,596,379,938,137
0013L,2,122,69,127,26
0013M,2,114,82,188,24
0013N,92,1490,1340,2094,576
0013O,22,649,48,311,197
00140,481,1424,8407,9975,13667
00141,489,1023,11496,7938,10531
00142,558,1880,14953,10586,11561
00143,535,1201,10354,8413,11876
00144,305,822,5498,5655,7422
00145,597,1204,7924,8854,15232
00146,581,1497,5959,8551,12853
00147,484,2184,10246,5107,5221
00148,1004,3357,16558,12848,13923
00149,347,638,11213,4206,3925
0014A,210,6634,1823,5074,2654
0014B,142,1263,2007,2703,2318
0014C,142,985,1916,3138,3173
0014D,108,611,2681,2309,2500
0014E,85,1605,1108,1861,605
0014F,86,1191,1599,1764,622
0014G,84,2467,1695,2612,840
0014H,66,1871,651,1724,379
0014I,80,955,1769,1623,655
0014J,52,899,2837,1480,667
0014K,43,855,571,1025,354
0014L,48,561,1773,1008,510
0014M,88,960,3188,1933,830
0014N,35,1276,530,1242,315
0014O,83,2114,1047,2129,750
0014P,54,768,703,874,533
0014Q,18,201,455,327,134
00150,1061,6854,13101,14411,13940
00151,376,845,13414,4903,5072
00152,493,2342,10714,6005,6154
00153,703,2216,10572,5804,7439
00154,890,4352,13790,11887,15957
00155,1071,1287,13651,7547,11642
00156,1329,11241,18572,22820,18697
00157,1733,4656,16769,17366,23700
00158,1046,3310,11234,9354,13607
00159,758,2287,6914,5997,8462
0015A,271,1087,2073,5451,5398
0015B,417,1274,3474,8336,8455
0015C,51,361,608,1629,1502
0015D,84,525,789,2066,2235
0015E,4,33,49,143,189
0015G,1,2,7,17,43
00160,1334,3169,12226,12719,14606
00161,965,2943,9442,11970,16908
00162,1287,3864,11407,14114,16340
00163,1004,1509,5730,7223,8413
00164,692,1465,7676,7264,9012
00165,1173,8952,13730,14203,12076
00166,1097,2551,7916,8369,9151
00167,485,767,5092,4245,6381
00168,165,523,854,2792,5405
00169,193,510,2247,2511,3107
0016A,517,1752,8855,11700,12188
0016B,158,568,3679,4040,4218
0016C,102,431,3051,2798,2524
00170,201,1468,4646,4249,4236
00171,149,846,2431,3547,4287
00172,210,2048,2081,4104,2421
00173,27,107,1120,758,1224
00174,16,225,572,718,1043
00175,655,2785,10884,11883,12709
00176,19,74,250,764,1765
00177,69,666,894,2203,4797
00178,43,231,831,2081,5060
00179,234,2156,4424,5801,5239
0017A,227,614,3531,5188,3842
0017B,2,11,25,60,127
00180,513,1250,4492,9040,12912
00181,38,124,361,1286,3512
00182,316,912,5825,4939,5774
00183,902,3343,10752,12794,11334
00184,359,2219,5382,7094,8717
00185,513,1430,7488,7775,9514
00186,214,7917,2358,6884,3757
00187,610,696,1609,5544,4988
00188,854,14008,15531,20558,10346
00189,782,3215,9585,12964,14711
0018A,2474,4188,10297,22796,35745
0018B,233,715,3317,5196,4033
0018C,135,345,887,2844,3176
0018D,69,260,715,1717,1561
0018E,133,345,1015,3092,3051
0018F,64,182,345,1860,1822
0018G,115,231,482,2358,2382
00190,205,545,1809,2890,5172
00191,25,656,719,1374,1536
00192,147,593,2243,2703,4564
00193,474,734,2268,7960,20706
00194,117,503,1531,2083,3333
00195,31,68,178,490,2154
00196,50,183,454,1024,3331
00197,28,182,508,615,1362
00198,131,893,2556,4195,4437
00199,6,67,108,123,403
0019A,231,524,2138,4914,5565
0019B,47,178,1120,1438,2085
00200,350,1835,5813,6394,6110
00201,613,1564,8285,7291,10307
00202,320,2067,6028,6717,4922
00203,246,718,983,2530,3407
00204,236,1479,2542,4551,3454
00205,533,1182,2697,5037,4065
00206,223,467,817,2132,3208
00207,152,530,1038,3203,4320
00208,73,252,1569,2083,2482
00209,109,280,1060,1320,1768
0020A,1176,3015,5168,8378,14753
0020B,57,319,241,469,545
00210,739,1056,3514,5182,4956
00211,1232,9427,13516,18450,21076
00212,102,260,609,884,1491
00213,243,1463,2980,6136,7095
00214,827,2679,8705,13641,15026
00215,186,538,3126,3065,3037
00216,202,595,3936,4282,3263
00217,40,112,96,489,449
00218,85,1646,1872,3009,1782
00219,231,549,1524,3246,5863
0021A,600,719,2185,5794,9602
0021B,92,169,422,1462,3574
00220,238,2749,3693,5365,4304
00221,53,141,731,1577,4588
00222,49,471,1128,1430,1771
00223,168,588,1320,3331,3622
00224,288,805,2166,7424,17262
00225,34,388,525,813,1578
00226,69,312,502,1868,3018
00227,126,553,910,3149,3454
00228,300,1319,2212,7951,6632
00229,180,1796,1878,4781,4398
0022A,2239,2102,9193,17090,30077
0022B,603,751,3719,5892,10750
0022C,3,24,72,244,349
0022D,0,12,52,249,516
0022E,10,41,99,757,499
0022F,1,3,4,15,46
00230,751,3241,11567,13765,16364
00231,337,1076,4584,5590,7637
00232,351,1355,7343,6080,6358
00233,301,1184,4755,6039,7855
00234,74,626,949,1962,2266
00235,535,2649,6669,9914,12412
00236,90,656,1358,1908,1861
00237,159,1639,2834,3601,2513
00238,51,371,1282,1995,1389
00239,268,2948,4303,4804,3845
0023A,23,151,469,677,1059
0023B,2,8,15,45,88
0023C,10,55,271,671,1629
00240,571,4648,8475,11425,6561
00241,41,1205,1168,2055,581
00242,21,166,795,909,855
00243,164,5448,2965,5663,2069
00244,15,623,318,979,153
00245,68,3039,2415,4834,889
00246,31,55,505,748,1042
00247,2,2,90,27,101
00248,465,4146,8131,9125,4592
00249,25,412,607,896,647
0024A,144,1444,2035,4502,5731
0024B,4,14,54,127,337
0024C,3,4,32,80,153
0024D,0,0,0,0,0
0024E,5,28,35,107,375
0024F,4,14,13,74,96
00250,22,76,347,489,386
00251,4,27,93,113,146
00252,607,2775,9510,10142,10041
00253,61,491,721,858,963
00254,76,319,1181,1282,915
00255,3,88,134,177,152
00256,2,45,74,87,45
00257,24,817,534,979,270
00258,9,227,581,473,784
00259,303,232,2238,1494,3020
0025A,269,515,3872,4349,4523
0025B,190,345,1565,2107,1301
0025C,0,4,65,138,381
0025D,9,36,231,406,754
0025E,2,4,23,32,183
0025F,0,0,15,22,59
00260,1067,1186,8605,5692,10657
00261,1261,2864,7229,7413,12422
00262,1895,3438,9470,10869,26403
00263,752,1241,5331,4362,8530
00264,221,346,1944,1175,2310
00265,848,2121,5571,4868,9969
00266,318,1463,5294,5119,5083
00267,52,212,533,654,556
00268,540,6510,6904,10922,7122
00269,97,1087,784,1487,1887
0026A,1011,1065,6486,8969,5845
0026B,11,52,146,401,969
0026C,0,3,7,21,34
00270,265,1709,2588,3965,3923
00271,367,719,3446,2506,4271
00272,556,694,4132,2858,5491
00273,1632,1406,8894,8798,22940
00274,1614,1833,11479,10290,16784
00275,871,1350,6731,5017,8487
00276,915,909,9048,4779,8954
00277,10,716,499,928,138
00278,13,386,333,494,247
00279,96,5362,3182,7246,1542
0027A,210,289,2301,2485,1785
0027B,986,1017,6233,9051,4938
0027C,1,6,21,86,255
0027D,1,1,7,18,67
00280,43,1393,1042,1842,644
00281,1,23,15,56,5
00282,276,3328,8400,7941,7753
00283,9,429,378,740,402
00285,36,1323,854,1672,647
00286,112,133,402,980,1632
00287,823,738,3287,5886,10374
00288,943,1775,8941,7937,10338
00289,1433,1462,8421,12413,16899
0028A,648,4326,4309,9570,5843
0028B,34,53,270,786,2855
0028C,2,9,16,48,187
0028D,1,17,13,72,174
0028E,12,18,28,166,892
0028F,3,7,18,65,377
0028G,0,1,0,12,51
0028H,0,1,2,5,39
00290,969,1416,4607,9045,13033
00291,535,2081,4444,5022,4848
00292,158,443,2220,2591,2871
00293,242,1277,2817,4173,3351
00294,78,381,818,1196,1370
00295,119,594,1671,1947,1774
00296,100,637,3963,3723,4877
00297,18,293,494,792,419
00298,141,3268,2668,4555,1714
00299,15,124,481,443,138
0029A,618,868,7395,6979,4321
0029B,1,4,6,20,75
0029C,8,22,55,500,1936
0029D,0,1,1,3,119
0029E,1,1,2,36,63
0029F,2,3,13,55,708
0029G,1,2,6,49,915
0029H,0,0,0,18,170
0029I,1,4,4,11,953
00300,530,1633,3572,8044,6697
00301,11,498,338,487,99
00302,3429,2644,14579,20306,42966
00303,119,652,981,2002,2163
00304,712,5098,4521,8239,8968
00305,1089,3193,16322,16532,14852
00306,123,384,2790,2854,2220
00307,21,212,601,540,292
00308,38,764,1523,1568,634
00309,11,269,245,493,347
0030A,592,711,3150,6413,4486
0030B,367,486,3177,6256,2895
0030C,582,756,4860,7388,3621
0030D,463,529,4464,5875,2711
0030E,583,643,6432,6711,2932
00310,986,8484,12917,18681,15289
00311,26,173,1001,775,1117
00312,0,3,56,28,25
00313,3,235,127,227,37
00314,51,1117,1865,2505,1319
00315,6,192,133,324,75
00316,565,11790,8649,12433,5497
00317,26,212,665,681,550
00318,30,306,886,747,804
00319,12,492,216,538,99
0031A,666,2320,5503,14089,11741
0031B,505,1297,3616,10459,8461
0031C,6,23,50,151,183
0031D,0,6,2,30,81
0031E,0,1,1,1,7
00320,358,974,4898,4908,5957
00322,3,11,28,46,27
00323,44,1636,935,2066,377
00324,12,473,381,480,243
00325,6,333,299,488,50
00326,81,2539,1644,2278,1250
00327,9,115,395,324,436
00328,20,369,447,575,176
00329,3,59,57,68,16
0032A,74,110,519,1129,1026
0032B,107,465,700,2808,3535
00330,259,1355,4229,5286,4532
00331,47,1597,811,2030,405
00332,6,90,235,103,96
00333,1,156,75,34,37
00334,10,170,191,150,126
00335,17,773,835,461,303
00336,92,2748,2041,2703,1238
00337,342,1168,3015,3360,3591
00338,38,707,1072,982,739
00339,264,685,3564,3482,2677
0033A,31,137,755,1007,590
0033B,11,22,118,184,240
0033C,1,4,12,39,98
00340,484,2630,6765,7127,4526
00341,33,1261,673,1472,321
00342,21,1140,590,1377,252
00343,6,162,133,186,53
00344,663,3534,7934,9830,9066
00345,115,316,2006,2237,3092
00346,4,267,164,435,83
00347,0,93,38,55,21
00348,344,10434,7690,10791,4965
00349,26,1239,984,1135,535
0034A,200,608,1932,5111,5238
0034B,274,288,1466,2667,1703
0034C,200,263,2416,2242,1232
0034D,459,539,2837,4583,2525
0034E,113,144,827,1194,681
00350,3,106,77,89,16
00351,21,162,616,624,370
00352,14,412,310,495,297
00353,0,13,6,9,15
00354,98,232,1664,1542,2251
00355,1,262,324,380,93
00356,1,94,47,92,32
00357,21,502,1041,1033,677
00358,0,123,201,123,173
00359,46,1919,1765,2942,966
0035A,42,525,360,1134,1572
0035B,2,3,7,8,52
00360,13,59,188,192,222
00361,71,577,2155,1856,2233
00362,8,13,221,127,146
00363,0,12,0,3,1
00364,205,1423,2513,2811,1981
00365,649,656,4260,4625,6026
00366,1575,2139,27507,14113,14242
00367,1779,2040,20575,12699,14183
00368,309,464,1351,2400,3540
00369,187,421,1494,2160,1906
0036A,11,12,38,90,167
0036B,358,830,1808,5422,9736
0036C,7,3,28,32,137
00370,600,632,3626,4819,5463
00371,11,629,524,367,192
00372,11,195,240,287,165
00373,55,800,590,1128,619
00374,2156,2221,12687,19615,31507
00375,293,5555,6155,8146,3056
00376,850,742,6652,4912,7573
00377,1069,1008,8335,6754,10270
00378,936,1870,6985,7108,10618
00379,738,634,4978,4407,7206
0037A,577,617,4402,5975,3738
0037B,68,128,1512,1576,3772
0037C,75,281,1999,3281,5232
0037D,0,1,35,14,17
0037E,0,0,3,3,13
0037F,1,0,6,8,12
0037G,2,8,32,38,137
00380,526,450,3644,3410,5218
00381,1388,1373,8259,9425,17484
00382,276,513,2222,1836,2100
00383,204,186,2095,1277,1737
00384,586,599,3572,3673,5850
00385,10,226,282,361,177
00386,3,68,37,116,296
00387,8,216,215,390,370
00388,2152,1713,9564,13872,28094
00389,463,1359,4357,3383,4195
0038A,58,862,1183,3325,4344
0038B,1,0,5,11,47
00390,601,725,4815,3983,5360
00391,2663,3037,18786,16179,24112
00392,382,921,2254,2795,4250
00393,1600,2213,9942,9850,16883
00394,1781,1785,10270,11262,19569
00395,1316,1551,9499,9129,13961
00396,54,994,1517,2366,545
00397,1797,1556,12806,11314,14786
00398,2617,1795,10165,15833,30038
00399,2339,1672,7720,14497,30827
0039A,1,26,125,137,176
00400,1213,2417,9622,14412,11775
00401,9,99,246,420,102
00402,698,788,6170,6634,9664
00404,178,465,3206,2729,3934
00405,2,5,44,37,38
00406,0,7,54,52,59
00407,1,1,32,20,12
00408,21,51,434,358,503
00409,2,16,101,88,3
0040A,321,2660,4381,6550,9310
0040B,6,23,81,255,889
0040C,5,4,24,100,116
00410,2,27,62,123,104
00411,130,837,3772,4811,3197
00412,0,2,10,9,23
00413,9,74,260,279,190
00414,3,11,60,41,42
00415,5,150,472,463,232
00416,9,103,519,541,320
00417,0,8,72,70,37
00418,7,154,303,224,149
00419,3,34,85,59,90
0041A,159,3790,2013,4323,3479
0041B,11,45,61,377,1178
0041C,4,10,22,101,637
0041D,0,4,4,25,92
0041E,4,14,20,88,368
0041F,0,4,3,12,49
0041G,1,4,5,18,38
0041H,1,3,8,47,71
00420,10,86,344,440,197
00421,0,8,49,42,58
00424,100,379,1552,1988,2533
00427,16,56,338,282,393
00428,3,3,44,42,65
0042A,13,61,184,386,578
0042B,9,24,112,374,769
0042C,90,342,710,2277,5355
00430,49,282,1099,1194,1087
00431,51,104,887,915,1373
00432,20,42,423,403,435
00433,3,1,41,30,30
00434,7,21,232,171,279
00436,251,580,2321,3024,4522
00437,1,7,25,18,28
00439,49,167,369,599,844
0043A,428,1129,3412,10121,14324
0043B,28,178,315,949,1648
0043C,78,319,944,3004,4725
0043D,0,3,11,18,237
0043E,48,136,271,1546,3871
0043F,6,17,45,202,912
0043G,12,65,89,626,1300
00440,156,948,2286,3956,2336
00441,2,4,38,51,30
00444,1244,3344,16065,14313,18583
00445,74,259,646,1047,1393
00446,39,129,483,689,762
00447,29,81,367,343,531
00448,3,2,69,28,15
00449,0,1,19,12,2
0044A,306,845,1608,3507,5238
0044B,79,57,239,355,919
0044C,5,13,20,116,393
0044D,41,30,128,156,439
0044E,72,51,170,259,1040
0044F,8,7,26,81,185
0044G,2,6,18,123,257
00450,49,166,526,787,654
00451,9,49,253,216,238
00452,3,9,103,125,111
00453,0,1,14,4,8
00454,0,2,23,26,27
00456,3,12,64,77,46
0045A,172,347,1285,5847,6583
0045B,0,2,2,14,29
00460,70,317,998,893,932
00461,44,25,427,188,394
00462,35,29,525,198,385
00463,22,20,348,116,240
00464,64,61,696,278,637
00465,50,42,642,274,546
00466,66,42,722,248,506
00467,50,41,670,234,476
00468,48,45,544,206,572
00469,66,42,418,206,536
0046A,0,0,0,0,0
0046B,2,38,87,20,46
0046C,0,0,0,0,0
0046D,0,0,0,0,0
0046E,0,0,0,0,0
0046F,0,0,0,0,0
0046H,0,0,0,0,0
0046I,0,0,0,0,0
0046J,0,0,0,0,0
0046K,0,0,0,0,0
00470,2,10,48,74,73
00471,62,51,415,264,561
00472,43,26,295,176,385
00473,99,88,1001,425,982
00474,153,112,1556,626,1315
00475,485,377,4996,2080,4195
00476,84,75,952,366,776
00477,221,179,1609,960,2233
0047A,577,858,4965,6860,3380
0047B,0,6,4,19,18
0047C,0,0,0,0,0
00480,84,203,1025,650,923
00481,92,70,950,387,874
00482,81,57,735,283,693
00483,91,69,831,337,789
00484,69,33,706,265,702
00485,87,48,607,254,755
00486,102,53,715,265,768
00487,89,63,684,301,707
00488,121,79,869,435,1046
0048A,1,27,13,62,166
0048B,5,22,22,53,181
0048C,2,25,38,421,586
0048D,0,3,2,42,131
00490,328,319,2034,2377,4847
00491,979,629,4606,5264,14175
00492,3,3,13,33,77
00493,0,0,0,0,0
00495,739,638,7454,3409,6995
00496,978,734,6709,4959,8937
00497,421,392,3768,2499,3680
00498,25,27,231,391,416
0049A,131,153,672,1579,837
0049B,75,92,548,1021,483
0049C,0,4,1,0,29
0049D,11,47,86,250,341
0049E,0,0,0,0,0
0049F,0,0,0,0,0
0049G,0,0,0,0,0
0049H,0,0,0,0,0
0049I,0,0,0,0,0
0049J,0,0,0,0,0
0049K,0,0,0,0,0
00500,369,661,2046,2737,2929
00501,1465,1438,12567,9573,14265
00502,1228,1057,10197,6763,13342
00503,173,184,1477,1276,1958
00504,1083,1085,9647,5921,10634
00505,507,461,3534,2686,4484
00508,356,272,2017,2243,3574
00509,168,146,905,1651,2087
0050A,191,608,954,1917,1661
0050B,24,27,96,305,713
0050C,0,0,0,0,0
00510,10,89,133,224,229
00511,208,195,1129,1283,2722
00512,550,538,4076,3436,8170
00513,893,791,5114,5286,11961
00516,79,69,751,332,771
00517,108,86,954,383,952
00518,84,37,687,274,761
00519,182,125,1389,679,1873
0051A,31,161,689,1380,3729
0051B,16,37,298,391,1436
0051C,0,0,0,0,0
0051D,0,0,0,0,0
0051E,0,0,0,0,0
0051F,0,0,0,0,0
00520,365,824,3713,3111,3211
00521,112,69,747,394,1045
00524,111,224,2070,2004,2887
00528,2,6,73,43,87
0052A,122,574,1288,3361,3566
0052B,66,249,589,1736,1013
0052C,12,46,145,281,173
0052D,6,20,106,206,127
00530,1740,1999,14907,14643,20227
00533,325,146,900,1100,2087
00534,871,736,8932,7711,9785
00535,1572,1248,9592,9949,15093
00536,1340,1195,6734,9773,14701
00538,406,916,4377,4767,5786
00539,0,0,0,0,0
0053A,115,314,593,2320,1827
0053B,64,234,296,1341,907
0053C,88,320,351,1906,1211
0053D,14,44,144,502,295
00540,15,93,190,336,402
00541,0,2,21,6,6
00542,1,4,14,12,7
00543,0,10,57,52,52
00544,0,2,8,8,1
00545,0,3,30,12,18
00547,231,433,2589,2503,4042
00548,38,32,262,261,544
00549,101,344,1803,2194,2455
0054A,360,617,1706,6288,4427
0054B,5,11,59,118,229
00550,315,2344,7861,11280,4215
00551,23,78,548,513,667
00552,30,113,711,733,1190
00553,5,10,65,79,102
00554,428,1125,6986,5949,6565
00556,1,3,22,20,4
00557,1,7,35,57,18
00558,0,2,19,8,9
00559,4,13,189,133,181
0055A,105,825,1228,3148,5004
0055B,11,26,137,270,601
0055C,1,3,30,81,117
0055D,0,0,1,3,13
0055E,0,1,1,7,43
00560,39,402,940,1578,517
00561,18,48,332,338,354
00562,40,111,740,768,614
00563,18,60,428,370,359
00564,15,31,197,149,140
00565,2,4,67,38,25
00566,25,64,632,360,373
00567,0,3,23,20,6
00568,156,411,2820,2740,3289
00569,0,3,9,15,8
0056A,66,263,721,2284,1740
0056B,4,18,59,99,255
0056C,1,7,30,44,111
0056D,3,9,16,100,37
0056E,0,13,30,57,34
0056F,7,29,47,272,213
0056G,10,27,75,327,300
00570,33,452,852,1169,672
00572,17,73,413,395,276
00574,342,919,5906,4532,5026
00575,116,298,1449,1717,1863
00576,5,11,86,78,48
00577,5,21,224,87,77
00578,14,53,329,276,128
00579,6,35,135,126,115
0057A,11,55,59,226,340
0057B,2,9,14,64,120
00580,2,58,211,246,109
00581,2,7,129,83,60
00583,1928,1313,7249,9774,24557
00584,615,513,5991,3112,5325
00585,385,340,3453,1766,3070
00586,476,432,5178,2823,4477
00587,2865,2261,16433,15375,35719
00588,383,344,3322,1967,3534
00589,792,621,4508,3792,7429
0058A,104,418,1024,3616,2468
0058B,1,0,3,7,56
00590,1285,1040,9434,6158,10960
00591,480,393,4666,2299,3728
00592,221,239,2032,1188,1975
00593,712,535,3686,3899,7535
00596,1673,1864,15605,14949,19917
00597,6,18,297,183,107
00598,102,128,813,666,1214
00599,210,270,1234,1541,2331
0059A,344,1217,4171,15707,11805
0059B,13,78,70,686,660
00600,165,373,1381,1697,1306
00601,27,28,237,162,259
00602,117,151,997,1287,1471
00603,77,59,282,466,724
00604,46,74,796,572,668
00605,15,15,135,110,173
00606,154,291,2405,2069,2443
00607,0,3,21,16,27
00608,3,4,52,41,31
00609,9,8,97,92,96
0060A,161,581,3729,4507,2908
0060B,74,205,694,2069,3616
00610,2,55,175,197,147
00611,2,6,15,27,22
00612,7,5,73,47,68
00613,136,247,1655,1677,1950
00615,113,226,2991,1758,2617
00616,9,10,143,122,118
00617,0,1,47,43,14
00619,101,213,1707,1921,2652
0061A,94,442,976,3979,4011
0061B,21,65,112,681,888
0061C,2,6,8,8,90
0061D,0,4,6,17,65
00620,54,184,1046,1288,1012
00621,3,0,34,23,13
00622,33,56,300,406,560
00624,1004,1331,6303,8854,18718
00626,1947,1595,11527,9459,15250
00627,642,531,3406,3235,5381
00628,1590,1453,15178,8850,12212
00629,1258,787,3643,5589,13109
0062A,69,50,211,425,395
0062B,1,1,25,36,48
0062C,0,1,1,4,60
0062D,0,2,1,5,33
0062E,0,3,9,14,125
00630,1244,1251,9327,6854,10029
00631,1113,848,5176,5284,9918
00632,433,315,2134,2345,3455
00633,1905,1596,9346,11426,17950
00634,1003,771,4966,5361,10070
00635,3213,2101,7843,16571,48044
00638,575,606,7105,4981,6013
00639,125,198,1145,1703,2510
0063A,21,82,295,978,884
00640,233,362,2529,2810,2964
00641,56,69,579,643,717
00642,262,309,2148,2307,2730
00643,47,74,332,615,837
00644,20,20,188,191,163
00645,1,9,32,35,36
00646,1,4,65,70,55
00647,1,6,28,35,22
00648,2,6,42,47,69
0064A,22,36,776,1084,2353
0064B,7,26,69,362,261
00650,36,106,221,399,363
00652,2032,1605,10585,11441,20500
00653,2236,1501,6043,11205,26983
00654,1082,798,2943,6418,14766
00655,1879,1437,9898,9517,17922
00656,282,700,4460,3880,4544
00657,5,7,101,72,49
00658,2,2,36,33,41
00659,0,3,13,9,8
0065A,9,11,70,266,131
0065B,1,3,15,20,39
00660,12,38,220,243,172
00661,13,26,173,143,207
00663,1269,1089,7380,7936,13105
00664,791,650,3755,5677,9302
00665,3488,2908,18902,18497,35583
00666,1842,1630,10152,10562,21606
00667,1754,1560,13106,9441,16600
00668,1760,1418,12272,10807,17101
00669,1092,1069,10395,5720,9314
0066A,112,156,342,2529,1165
0066B,81,102,299,1330,698
00670,426,487,4104,2543,3568
00671,1352,1328,10228,8173,13816
00672,1050,1027,10125,6055,9345
00673,1409,1232,8435,7557,14724
00675,94,412,3186,3351,3426
00676,0,0,55,48,44
00677,1,4,19,30,26
00678,3,9,39,51,22
00679,1,5,17,20,9
0067A,164,985,1829,4251,5116
0067B,57,395,726,1939,2445
0067C,0,3,3,11,21
0067D,0,7,41,65,104
0067E,2,1,7,28,36
0067G,0,2,4,9,18
0067H,1,8,21,33,35
00680,28,142,452,612,323
00681,2,16,127,140,151
00682,0,4,29,14,6
00683,8,32,128,96,120
00686,1280,2473,14711,14648,12900
00687,30,133,441,388,370
00688,3,22,121,131,67
0068A,2,3,5,12,10
0068B,87,144,231,1454,1934
0068C,10,42,38,483,717
0068D,35,94,190,1377,1588
0068E,17,60,91,639,1119
00690,11,29,96,204,214
00691,42,140,636,639,416
00692,2,18,104,138,74
00696,571,1484,9220,8569,7294
00697,0,3,28,53,9
00698,10,30,92,210,246
00699,7,40,182,98,172
0069A,5,10,26,77,95
00700,51,59,210,349,732
00701,3,7,92,131,129
00703,31,62,451,257,286
00704,0,0,12,19,13
00705,0,2,16,11,9
00706,37,70,680,484,507
00707,3,9,110,88,65
00708,0,1,18,11,8
00709,44,11,87,2,63
0070A,2,6,16,45,291
0070B,0,2,3,10,37
00710,3,15,80,78,27
00711,312,518,3507,2519,2387
00712,1,5,41,46,52
00714,35,43,160,267,263
00715,44,199,619,1010,879
00716,47,110,401,670,466
00717,72,227,585,777,989
00718,13,21,67,137,188
00719,87,191,544,876,797
0071A,22,33,98,281,519
0071B,0,3,10,21,40
00720,30,52,140,289,276
00723,2,7,67,52,43
00725,10,7,122,104,69
00729,388,683,3677,4164,5779
0072A,15,33,178,493,1238
0072B,14,9,57,170,702
0072C,5,7,35,127,193
0072D,0,3,5,44,124
00730,2,24,73,95,46
00731,23,65,534,443,456
00732,53,107,992,1387,671
00733,9,44,263,400,171
00734,475,1133,6339,6403,8262
00735,2,5,44,54,97
00736,3,10,66,50,45
00738,8,33,367,310,373
00739,19,49,394,489,380
0073A,19,39,655,439,743
0073B,3,14,80,70,94
00740,41,49,221,316,257
00741,14,38,532,330,360
00742,87,261,1849,1745,2063
00743,39,154,1510,1406,1190
00744,71,257,1450,1392,1720
00745,1,3,39,29,27
00746,59,252,1893,1525,1897
00747,3,4,51,39,37
00748,221,575,5210,3191,2594
00749,10,49,302,305,208
0074A,19,97,252,715,1006
0074B,0,0,0,0,0
00750,19,65,245,280,206
00751,26,64,464,351,285
00752,2,5,52,26,60
00753,12,39,297,256,262
00754,3,9,132,138,83
00755,15,35,213,201,144
00756,18,73,266,259,184
00757,0,0,1,8,1
00758,5,27,210,144,128
00759,4,42,226,221,174
0075A,59,98,176,1179,1370
0075B,2,4,21,73,76
00760,3,8,28,56,46
00765,31,108,628,816,1050
00766,0,1,60,34,32
00768,528,585,3226,6003,7768
00769,126,134,1377,1542,1529
0076A,71,110,360,1543,2412
0076B,25,40,115,524,420
00770,117,100,608,972,1279
00771,361,334,1667,3071,6054
00772,379,416,2681,3779,5332
00773,844,894,4356,8095,8814
00774,1457,1699,11019,13964,14560
00775,509,492,3403,3919,5287
00776,62,236,1235,1197,797
00777,24,29,259,191,134
00778,79,275,1360,1343,890
00779,2,16,165,99,30
0077A,106,587,856,2295,2402
0077B,13,67,61,242,242
0077C,1,3,15,23,18
0077D,3,4,6,18,55
0077E,3,7,10,26,54
0077F,56,248,217,1042,1105
00780,25,79,497,424,284
00781,2,7,56,41,9
00782,7,26,182,202,83
00783,442,385,6622,3192,5110
00784,634,543,6558,4367,6730
00785,1237,951,10264,7375,11508
00786,472,395,3503,2848,6923
00787,474,397,4124,2830,5498
00788,868,591,2883,4930,16253
00789,1312,884,4424,7341,14560
0078A,7,10,30,77,116
00790,956,1511,6975,8211,10974
00791,691,557,4485,4223,7118
00792,680,552,3461,4461,8280
00797,170,459,2019,2659,4353
00798,146,441,2788,2294,2927
0079A,23,78,187,614,752
0079B,17,60,76,393,743
0079C,4,11,33,98,104
00800,151,376,1055,1888,1946
00801,0,2,14,12,10
00803,48,188,969,1093,1214
00804,3,7,103,81,89
00806,184,609,2959,2699,3945
00807,0,0,6,8,2
00808,2,1,9,2,3
0080A,258,769,3520,8992,4571
0080B,1,0,2,2,27
00810,7,79,198,306,144
00811,0,4,29,12,41
00812,0,1,10,0,4
00813,0,2,43,22,11
00815,104,373,3016,3176,2594
00816,1,11,138,122,92
00817,25,31,301,361,360
00818,0,1,8,11,8
00819,0,5,70,60,43
0081A,5,11,13,63,106
00820,18,179,585,761,409
00823,256,1042,4754,4245,4102
00824,2,3,14,5,15
00825,0,1,36,13,9
00826,1,10,51,26,16
00827,7,30,260,232,147
00828,0,4,8,21,5
00829,0,1,6,10,6
0082A,139,337,905,5718,3548
0082B,2,1,11,19,61
00830,183,1723,3441,4407,3895
00832,123,369,2810,2195,2690
00833,5,4,89,46,52
00834,0,4,74,48,37
00835,0,3,52,22,23
00836,4,13,95,65,117
00839,21,73,384,426,462
0083A,54,157,669,1297,3222
0083B,2,7,45,11,471
0083C,2,0,3,8,82
00840,231,763,3453,4222,2849
00841,9,36,104,117,133
00842,9,34,206,261,98
00843,7,16,115,121,67
00844,2,13,81,51,35
00846,325,1017,6367,6471,5528
00847,6,14,104,77,62
00848,0,4,20,24,12
00849,21,41,286,266,269
0084A,47,96,313,1012,1110
0084B,3,3,137,74,644
0084C,1,0,73,26,377
00850,10,84,245,283,307
00851,2,0,14,19,9
00852,2,1,38,34,6
00854,421,1300,5111,6520,6915
00855,30,76,417,423,336
00856,9,37,164,174,174
00857,8,43,209,226,188
00858,1,5,22,49,72
0085A,4,25,119,411,325
0085B,0,3,11,19,49
00860,261,951,3832,4334,4790
00861,18,27,160,136,149
00863,11,45,181,289,249
00864,3,25,166,194,316
00866,323,595,4674,3920,4185
00867,14,30,216,238,232
00869,15,25,231,183,183
0086A,36,62,355,824,588
00870,71,367,1159,1502,1087
00871,57,270,2239,1574,1306
00872,154,173,2100,1179,1465
00873,105,99,1311,679,839
00874,59,50,528,406,737
00875,46,51,478,401,549
00876,78,57,354,545,824
00877,512,417,2893,3590,6836
00878,570,423,2852,3621,7208
00879,533,493,3644,3970,6291
0087A,2,10,48,166,361
00880,351,558,6410,3200,3686
00882,12,21,136,67,351
00887,236,284,5334,2159,1900
00888,393,439,6780,3024,2819
00889,632,601,7740,4890,6238
0088A,60,43,149,402,648
0088B,9,15,48,98,138
0088C,0,9,12,74,194
00890,143,909,2918,2745,2113
00891,1102,1276,17843,8462,8054
00892,1704,1666,15507,12377,19071
00893,678,728,10943,6489,7935
00894,82,85,2254,815,585
00895,207,308,8443,2684,1616
0089A,9,24,60,185,997
0089B,64,159,517,1425,998
0089C,9,17,82,173,202
0089D,0,2,12,39,46
0089E,4,3,14,43,45
00900,90,198,1021,1519,946
00901,592,1352,9729,6795,6972
00902,190,446,1938,1896,2184
00903,165,322,1006,1780,1991
00904,632,940,3539,5425,6625
00905,257,380,1171,2212,3497
00906,40,100,440,477,573
00907,44,60,200,348,420
00908,35,52,229,359,362
00909,13,25,114,109,73
0090A,735,913,903,3258,3628
0090B,20,16,22,168,161
0090C,0,0,1,5,8
00910,42,261,793,798,715
00911,92,232,997,1195,1411
00913,616,2313,8228,10535,10929
00914,27,74,246,507,740
00915,38,155,421,730,669
00917,24,92,343,669,1108
00918,5,6,43,44,21
00919,0,5,20,23,11
0091A,258,975,1704,7154,5388
0091B,10,60,65,126,171
0091C,5,100,72,141,72
0091D,6,40,142,176,82
00920,37,203,739,859,784
00922,25,107,473,590,724
00924,594,673,4283,5745,9918
00925,717,706,3636,6257,13431
00926,75,85,334,606,1330
00927,0,0,11,8,12
00929,101,229,2194,1965,2815
0092A,40,31,97,205,272
0092B,3,1,6,3,18
0092C,7,2,6,3,13
00930,54,404,1047,1425,833
00931,3,5,211,111,195
00934,6,12,99,92,35
00937,24,80,272,348,380
00938,4,8,48,53,42
00939,0,3,47,25,10
0093A,150,619,1672,3888,2811
0093B,5,14,18,34,54
00940,47,146,441,782,750
00944,51,200,2009,1608,2231
00945,0,0,12,8,9
00946,0,0,9,6,6
00947,1,1,57,37,21
00948,0,1,11,14,10
00949,1,9,75,56,91
0094A,9,26,138,241,1149
00950,5,67,133,220,191
00951,13,32,590,513,751
00953,97,386,1503,2275,1988
00954,11,17,172,134,88
00955,35,95,389,453,389
00956,2,5,49,65,45
00957,534,1554,8197,7683,7426
00958,14,31,176,235,251
0095A,85,324,948,1914,1178
00960,20,79,245,411,469
00961,70,210,1169,1374,854
00964,870,2351,9160,9514,11586
00965,5,26,90,190,246
00968,1,2,11,13,4
00969,14,34,100,165,140
0096A,19,201,52,80,291
0096B,4,13,13,24,72
00970,0,8,50,83,31
00972,16,34,474,506,489
00973,8,20,93,113,158
00975,21,34,201,198,192
0097A,15,11,51,181,138
0097B,2,6,13,25,40
0097C,0,11,10,37,78
0097D,0,0,0,0,0
00980,274,759,5314,5012,5713
00981,0,0,39,23,21
00982,0,1,19,9,10
00983,40,180,1210,1214,1103
00984,23,65,527,420,302
00985,2,16,97,86,104
00986,0,0,0,0,0
00988,10,18,207,152,175
00989,0,10,78,43,80
0098A,46,68,357,865,527
00990,1,4,83,73,61
00991,1,9,146,165,152
00993,565,550,9133,3695,4241
00994,196,255,4887,1751,1879
00995,298,345,5321,2138,2694
00996,348,350,5274,2292,2731
00997,243,258,3822,1597,2130
00998,495,497,5389,2579,4140
00999,1072,979,8479,6676,10048
0099A,738,807,1477,4994,3311
0099B,7,4,8,63,105
0099C,4,12,8,68,120
01000,1616,1611,12647,9449,11510
01001,745,766,10065,4839,6324
01002,148,327,981,2555,1637
01003,139,347,1007,2116,1443
01004,201,407,973,3511,3208
01005,95,186,759,1616,1218
01006,96,234,797,1509,948
01007,255,590,2614,3909,2889
01008,29,62,579,488,358
01009,60,215,1108,1428,681
0100A,131,266,622,1852,1940
0100B,14,12,88,178,195
0100C,52,64,218,700,797
01010,105,247,1494,2737,1438
01011,153,417,1804,4052,1700
01012,62,131,757,908,567
01013,457,644,6254,4592,5565
01014,653,828,5287,6579,9450
01015,162,194,1740,1572,1881
01016,150,222,1391,1763,1839
01017,511,757,4432,5915,8044
01018,355,489,2874,3600,3710
01019,66,154,618,1185,927
0101A,0,7,12,63,71
01020,176,460,1059,3518,2451
01021,141,337,1103,2182,3928
0102A,12,7,6,25,77
0102B,5,2,4,12,48
01030,16,28,17,48,454
0103A,7,19,75,221,243
01040,0,1,29,105,77
01050,5,22,87,179,188
0105A,11,19,564,271,1066
01060,94,310,1762,2065,2028
01064,0,0,6,9,0
01066,0,0,14,9,16
0106A,23,7,11,103,170
0106B,40,14,16,111,183
01070,30,173,735,1129,796
0107A,298,595,2111,4689,3114
0107B,400,989,3713,7385,4446
0107C,576,1324,6913,10534,5818
01080,55,244,801,1430,1343
01085,5,41,98,198,181
01090,8,21,69,235,204
0109A,2,3,3,18,33
01100,34,66,201,213,444
0110A,10,55,109,280,847
01110,2,19,54,55,6
0111A,7,0,28,27,53
0111B,3,1,7,6,23
01120,2,13,51,57,58
0112A,10,14,176,93,132
0112B,0,0,9,18,35
01130,0,23,47,50,50
0113A,3,6,39,30,73
01140,0,11,26,43,47
0114A,5,8,50,107,117
01150,12,140,257,441,243
0115A,1,5,43,18,72
0115B,1,2,41,27,13
01160,2,15,60,110,48
0116A,1,32,71,102,74
0116B,3,4,38,66,219
0116C,4,6,16,49,118
01170,29,326,1056,1441,487
0117A,29,68,230,314,806
0117B,0,4,28,21,24
01180,179,2343,4134,5006,3078
0118A,1,5,129,38,159
01190,4,85,120,225,79
01200,109,378,645,1377,1315
01202,0,5,14,4,13
01204,0,10,12,6,10
01210,28,185,384,590,294
01220,17,52,109,181,192
01230,17,277,519,766,365
01240,11,202,391,432,225
01250,9,120,298,329,201
0125A,8,17,22,99,186
0125B,1,6,35,64,62
0125C,5,4,14,36,19
01260,2,34,65,71,38
0126A,35,72,219,660,1241
0126B,95,73,126,593,760
0126C,8,1,29,50,50
01270,2,61,204,258,38
0127A,3,25,37,116,137
0127B,3,5,97,47,142
01280,327,3077,6555,7761,5006
01282,161,1586,3498,4101,2048
01284,158,1721,5185,4743,2353
01286,180,1734,4443,4242,2459
0128A,5,58,247,149,144
01290,1,33,61,70,14
01300,90,428,819,1224,996
0130A,0,2,36,12,16
01310,1,38,137,115,103
0131A,1,9,19,22,10
01320,20,162,393,393,294
0132A,6,7,199,113,237
01330,0,9,20,22,33
01340,2,121,170,250,101
01342,7,146,46,164,133
01345,37,1493,640,1653,1234
0134A,2,8,87,69,510
0134B,6,28,655,339,2355
0134C,2,6,84,54,524
0134D,11,28,1240,340,1787
01350,10,15,92,90,71
0135A,9,23,218,401,859
0135B,23,118,1246,1202,3348
0135C,2,6,39,63,363
01360,9,130,271,368,174
01365,0,7,11,9,8
01370,11,147,203,287,226
0137A,5,18,78,211,837
01380,14,165,354,454,128
0138A,0,11,65,39,214
0138B,8,94,810,981,3387
0138C,1,97,18,42,29
0138D,0,64,4,9,9
01390,2,51,122,166,53
0139A,1,22,10,38,561
0139B,1,105,20,62,322
01400,612,1422,3053,4353,4087
0140A,0,23,10,3,6
01410,5,24,45,128,91
0141A,0,44,5,16,95
01420,53,598,972,1659,825
0142A,161,452,1097,4915,5451
0142B,172,221,626,2847,4610
01430,20,158,295,543,491
01440,2,124,158,270,252
0144A,8,18,11,63,530
0144B,0,6,2,2,3
01450,12,38,122,131,233
0145A,2,96,53,51,85
01460,1,36,78,151,5
0146A,6,133,28,58,21
0146B,3,65,25,29,22
0146C,1,41,28,34,3
01470,1,15,17,46,42
0147A,19,455,317,548,472
0147B,39,700,586,825,328
01480,2,11,22,35,22
0148A,0,2,11,0,36
01490,1,17,15,35,14
01500,562,588,3041,3193,2575
01505,624,810,3369,4599,3118
01510,27,36,146,233,159
01520,8,17,33,65,87
0152A,183,1234,1092,1401,783
01530,4,90,83,181,42
0153A,0,10,62,63,49
01540,7,65,62,115,102
0154A,0,0,9,16,116
01550,60,624,1129,967,1136
0155A,499,758,5178,3702,4379
01560,12,267,575,759,211
0156A,548,1195,4495,4840,5472
0156B,290,422,2303,2534,4176
0156C,21,347,258,459,168
0156D,74,1132,1099,1536,619
0156E,3,44,76,72,29
01570,11,110,285,390,178
01580,123,2011,3031,4662,2398
0158A,276,433,732,1795,4325
0158B,141,622,744,1710,2259
0158C,29,798,600,1080,412
01590,8,107,239,323,179
01600,439,1043,3492,4471,2612
0160A,4,37,45,147,14
01610,49,490,956,1284,629
01620,20,84,199,305,324
01630,1,9,13,36,57
01640,27,305,708,761,331
0164A,1,0,6,4,6
01650,70,1067,2020,3139,1583
0165A,0,8,12,30,17
0165B,7,19,82,104,142
01660,17,225,694,919,224
0166A,1,1,25,40,21
01670,6,81,250,386,114
0167A,1,5,52,51,52
01680,0,7,11,22,16
0168A,0,6,5,16,38
01690,11,93,146,208,66
0170A,0,0,1,17,91
0171A,0,0,0,0,0
01740,1,27,20,49,9
0174A,0,0,0,0,0
01750,2,5,35,38,21
01760,0,14,67,75,40
01770,1,3,24,20,29
01780,131,905,2804,3303,2929
0178A,8,118,85,86,78
0178B,4,42,19,22,16
01790,31,157,555,582,491
01800,170,361,1818,2519,2037
01801,13,48,213,486,337
01802,13,48,148,533,334
01803,16,78,231,634,549
01804,19,69,358,763,534
01810,561,1152,4713,7575,6042
01815,1,5,15,20,9
01820,202,477,1927,2582,2427
01830,315,902,2763,4653,3493
0183A,1,3,6,19,293
01840,132,370,998,2546,1760
0184A,11,117,165,304,32
01850,367,1868,4095,6105,6260
01860,0,10,33,86,23
01870,5,75,111,281,80
0187A,9,3,8,47,328
01880,62,1035,1394,2197,976
01890,4,22,84,82,96
0190A,0,0,0,5,52
01910,22,811,1019,1763,604
0191A,0,86,41,101,39
01920,1,6,23,53,35
01930,6,122,423,427,352
0193A,8,12,11,171,1125
01940,0,27,65,150,55
01950,8,42,176,249,209
0195A,18,47,207,346,1028
01960,1,8,32,88,157
01964,0,1,6,1,1
0196A,0,0,18,16,17
01970,0,39,43,107,30
01980,1,20,20,38,52
01990,1,3,18,28,7
02000,2,25,82,97,88
02010,5,24,74,88,51
0201A,1,27,68,44,2
02020,2,18,67,79,39
0202A,0,1,35,20,5
02030,1,35,90,93,14
02040,0,13,18,47,7
0204A,1,2,9,24,32
02050,1,12,42,51,38
02070,3,15,54,88,131
0207L,70,164,1431,1067,1203
02080,20,183,437,511,330
02084,0,5,15,24,15
02086,3,4,42,66,22
02090,2,9,54,65,91
02100,142,1525,4159,5333,3097
02105,2,9,17,32,9
02110,5,51,144,175,93
02120,8,90,298,441,250
02125,4,16,69,164,78
0212B,0,24,39,85,66
02130,26,440,1094,1675,808
0213A,0,0,64,31,61
02140,2,41,78,124,239
02145,7,28,74,135,240
02150,3,61,195,236,310
02155,0,3,24,36,3
0215A,156,602,3862,4019,3570
02160,11,156,323,573,386
02165,1,0,11,10,5
0216A,87,264,1775,2305,1826
0216B,57,203,1400,1538,1194
0216C,47,164,951,1157,1054
02170,3,18,99,101,39
02180,4,24,151,89,154
02190,0,2,4,10,4
0219A,0,15,37,123,283
02200,0,17,38,66,157
02210,47,363,1607,1947,1403
02215,0,3,8,20,5
02220,4,22,104,143,215
02230,0,9,177,127,64
02235,0,4,26,21,13
0223A,139,336,1155,2394,2960
0223B,108,339,863,2481,2331
02240,186,1103,5034,4365,4145
02242,86,560,1863,2126,1330
02244,111,619,1242,2819,2893
02246,214,1696,3727,6674,5299
02248,3,19,39,170,530
02249,0,6,37,49,26
0224A,1,3,3,8,104
02250,195,1324,5130,6737,3772
02255,0,2,21,27,50
0225A,0,8,3,4,3
02260,11,36,159,175,136
0226A,1,47,47,38,41
02270,2,56,495,607,382
02272,3,14,89,226,174
02274,1,0,23,25,14
0227A,277,809,2052,5552,2898
0227B,1,50,59,58,103
0227C,0,77,21,24,33
0227D,4,93,71,92,47
02280,11,26,282,302,339
0228A,181,452,1032,4155,3497
0228B,69,242,570,2063,1771
0228C,1,7,5,54,102
0228D,71,200,377,1955,1505
02290,3,21,105,211,256
0229A,1,59,18,33,15
02300,17,110,285,542,914
02305,0,0,2,4,16
0230A,4,187,193,218,36
02310,3,8,51,75,122
0231A,2,10,51,60,72
02320,91,775,2673,3535,4272
02325,0,3,3,18,29
02330,34,118,432,547,787
02340,11,87,176,585,798
02350,53,583,1284,2635,2949
0236A,0,29,12,28,13
02370,37,132,470,798,1289
0237A,4,251,245,241,115
0237B,2,81,27,41,16
02380,6,19,92,162,416
02390,23,95,764,929,1953
02395,0,15,96,150,261
02400,0,0,13,28,149
02410,0,0,4,11,9
02420,7,35,247,385,221
0242A,0,0,2,0,0
02440,0,8,32,41,21
02444,4,26,127,136,79
02446,5,18,59,128,137
0244A,0,56,71,135,7
02450,5,47,234,303,163
02460,3,26,206,281,295
02465,1,3,14,20,53
02470,4,40,180,232,79
02480,4,5,44,42,26
0248A,13,15,122,116,124
0248B,0,4,25,41,7
0248C,241,441,2835,4208,2063
0248D,90,162,1066,1660,855
0248E,171,397,2837,3342,1436
0248F,14,29,298,465,73
02490,0,3,40,16,31
0249A,29,32,429,485,235
0249B,4,7,55,89,57
02510,60,587,1245,2515,3015
02520,20,198,697,860,904
02530,26,76,316,344,642
02540,129,925,3229,3827,4057
02545,2,6,17,37,75
02550,1,0,5,17,19
0255A,1,2,10,16,3
02560,1,16,85,106,198
0256A,9,10,47,47,44
02570,6,41,98,290,512
02580,0,2,13,21,38
0258A,61,172,321,656,515
0258B,43,129,247,515,546
0258C,0,6,27,45,28
02590,11,17,129,209,343
02600,5,46,293,303,596
0260A,0,8,0,4,6
02610,0,10,42,66,94
0261A,14,363,192,287,159
0261B,0,11,1,5,3
02620,4,25,47,79,132
02630,10,23,93,132,446
0263A,3,24,12,27,7
0263B,1,4,2,4,0
0263C,10,226,141,220,104
0263D,34,177,70,82,133
0263E,31,183,142,156,137
02640,1,2,23,40,81
0264A,0,54,23,34,21
0265A,47,1431,484,1346,762
0265B,0,15,0,2,12
0265C,9,292,40,161,180
0266A,0,18,6,15,37
02670,1,2,7,11,11
02680,9,71,351,379,528
02682,0,8,52,95,132
02684,2,8,13,30,53
02690,3,3,14,61,73
0269A,18,153,64,122,113
0269B,0,6,3,6,6
02700,0,0,8,10,7
02710,0,1,3,5,1
02740,1,11,62,51,67
0274A,10,73,94,80,177
02750,91,779,2423,3050,3197
02755,2,27,83,193,196
02758,1,21,78,150,208
0275A,12,225,113,623,921
02760,11,65,481,448,767
02762,0,0,1,4,3
02764,1,2,9,5,4
02766,0,0,0,0,0
02770,50,457,1181,1548,2072
02772,0,1,6,8,2
02774,0,3,8,14,12
02780,0,0,0,7,0
02790,7,28,74,149,115
0279A,2,101,25,115,22
02800,1,16,108,98,67
02810,1,0,5,3,0
02830,2,13,25,35,52
0283A,0,15,65,62,1
02840,2,24,150,157,109
02850,111,720,2328,4017,3136
02852,7,24,164,292,178
02854,0,2,5,5,2
02860,0,0,2,4,2
0286A,881,692,2609,6266,12083
02870,4,16,103,172,83
0287A,649,478,2464,4220,6936
0287B,113,144,1680,1454,1156
0287C,551,404,1628,3480,7073
0287D,823,624,2708,5131,9211
0288A,644,507,4126,3655,4803
0288B,1010,865,3747,6209,11369
02890,10,29,316,393,294
02900,0,6,30,66,30
0290A,982,788,3958,7964,13645
0290B,776,624,2459,5582,10290
02910,28,229,705,1757,1015
0291A,644,598,3093,3924,7459
02920,4,21,68,127,171
02930,4,23,119,299,202
02940,0,23,14,18,4
0294A,2,54,29,61,6
0295A,1,71,65,65,8
03002,56,231,951,1750,781
03003,118,364,1416,2472,1135
03004,83,260,1096,1982,730
03005,21,62,115,389,245
03006,71,206,518,1643,939
03007,102,257,756,2194,1220
03008,29,85,439,538,290
03009,81,276,1215,1664,896
03010,164,366,2855,2091,1569
03011,53,165,1082,1133,435
03012,30,77,725,731,339
03013,32,77,719,695,345
03014,35,135,527,1074,862
03015,212,569,2966,2584,2700
03016,81,248,696,1716,991
03017,95,307,810,2218,986
03018,114,318,931,2504,1162
03019,74,182,369,1425,1374
03020,134,336,2081,2014,1208
03021,133,445,1311,3290,1353
03025,93,211,1644,701,1156
0302A,1230,807,2900,7336,20319
0302B,806,525,1919,4206,11446
0302C,1140,817,3513,6379,13711
0302D,591,433,1656,3585,8176
0302E,1637,1155,3955,8972,21410
0302F,195,112,527,1142,2681
03030,75,180,1725,773,877
03035,50,120,1432,535,815
0303A,230,211,739,1928,4176
0303B,808,657,2192,5477,12522
03040,104,217,2178,887,1176
03045,69,137,1631,525,669
0304A,889,709,3126,5946,12501
0304B,439,346,1669,3277,6100
0304C,106,78,306,762,1758
03050,31,73,841,374,451
03055,48,78,639,336,435
03060,35,87,645,319,424
03065,77,181,1460,698,1027
03070,96,209,1542,722,981
03075,71,143,1471,636,796
03080,48,140,1239,509,693
03085,87,215,2294,975,1233
03090,75,168,1964,814,1112
03095,91,221,1892,834,1135
03100,59,137,1448,560,796
03105,78,175,2012,798,969
0310A,278,6211,5816,7305,3147
03110,76,148,1643,625,770
03115,81,149,942,611,924
03120,166,341,1828,1343,2479
03125,101,183,1282,606,910
03130,74,168,1189,575,850
03135,109,235,1555,801,1158
03140,111,231,1904,994,1246
03145,126,359,1769,1173,1530
03150,312,781,3779,2465,3368
03155,148,352,2519,1226,1673
03160,140,276,1749,971,1345
03165,114,254,1539,905,1112
0316A,99,1404,1104,1944,953
0316B,3,38,42,31,48
0316C,3,47,28,56,28
0316D,13,92,108,122,100
0316E,6,433,128,410,89
0316F,27,325,264,482,274
0316G,22,728,329,809,285
0316H,21,224,299,254,236
0316I,46,274,307,312,254
0316J,42,1041,505,1262,369
03170,204,466,2723,1748,1939
03175,248,619,2813,2314,2744
03180,79,136,870,481,780
03185,108,193,1478,754,1121
03190,75,160,834,548,856
03195,123,264,1273,876,1213
03200,90,258,1740,1093,1186
03205,181,512,1883,1653,1954
03210,682,1805,6671,7222,8212
03220,346,1013,4304,4192,4337
03230,306,810,1904,3867,4404
03240,264,660,3834,2818,4112
03250,390,1220,2450,4997,7338
03260,1318,3812,12377,15485,16290
0326A,25,946,1072,1157,307
0326B,27,564,769,731,249
0326C,29,958,591,1260,431
03270,526,1169,2563,5411,6056
03280,998,2759,8939,10659,14184
0328A,16,219,116,155,188
0328B,11,239,217,307,81
03290,554,1320,4820,5783,7664
03300,1014,2449,6575,10971,13717
0330A,10,167,111,178,138
03310,485,1043,2337,5355,9960
03320,120,339,974,1423,1748
03330,5,12,37,78,77
03340,523,1473,4021,6201,8665
03350,779,2054,8854,9356,8812
03360,383,863,2586,3523,6228
03370,220,513,2739,2135,2568
0337A,165,356,1158,1439,1518
0337B,467,579,3148,3751,4169
0337C,267,413,2077,2403,2690
0337D,340,432,2455,2690,2756
0337E,494,736,3598,4529,5094
03380,251,679,3164,2705,3649
0338A,18,48,377,362,450
0338B,9,14,164,111,127
03390,1145,2736,10823,10660,12923
0339A,206,338,1461,3224,2578
0339B,92,133,944,1202,940
0339C,5,13,234,144,90
03400,747,1897,5379,8057,11102
03401,18,132,216,547,525
03402,13,110,222,559,417
03403,9,46,174,211,180
03404,12,73,205,362,236
03405,10,141,297,599,566
03406,9,67,155,343,271
03407,10,75,107,291,222
03410,74,379,917,1145,1280
03415,2,31,140,122,122
03420,7,25,84,90,28
03430,65,533,1512,1597,1176
03435,36,116,346,533,461
03450,280,1549,4265,5087,4258
03455,58,343,756,1265,1307
0347A,3,75,66,46,19
0349A,3,75,101,107,51
03500,10,46,118,184,238
03505,9,43,317,186,120
03510,34,151,447,456,552
03515,3,21,83,76,76
0351A,8,218,154,173,49
03520,527,1736,8418,7973,5490
0352A,0,88,18,36,23
03550,665,2542,5277,9665,10030
03555,107,412,945,1439,1282
03560,245,1291,2685,4825,4406
03565,132,382,768,2558,3178
03570,49,297,781,1010,703
03580,17,107,405,362,252
03585,10,61,279,237,155
03600,544,1709,3903,6822,8256
03602,586,1618,3117,6080,7304
03604,386,1072,1574,4496,6876
0360A,1,78,54,61,15
0360B,0,20,16,35,7
03610,88,476,852,1645,1475
03615,83,308,671,1234,1195
0361A,1,3,44,42,24
03620,209,753,1849,2870,2392
03625,62,419,1042,1637,976
03640,89,590,1199,1653,1218
0364A,657,698,5210,4922,4896
0364B,440,484,3183,3400,3958
0364C,490,603,3974,4167,3514
0364D,1179,1268,6100,8763,11173
0364E,761,955,3838,5839,9070
03650,31,274,672,812,394
0365A,504,590,2642,4163,6263
0365B,234,352,1040,2267,3103
0365C,605,681,4671,4509,5384
0365D,511,490,2813,3833,5088
0365E,445,533,2139,3561,5424
0365F,514,497,4488,3304,3907
03660,23,177,455,431,229
0366A,1681,1703,14124,9797,13452
03670,84,391,1133,1108,904
03680,422,3403,6536,7511,5101
0368A,81,83,351,655,794
0368B,180,223,1150,1377,1752
0368C,0,1,15,20,16
03690,12,105,152,284,181
03700,58,509,1367,1796,1076
0370A,223,207,1016,1568,2268
0370B,19,38,104,213,412
0370C,51,33,236,226,390
0370D,51,37,238,303,467
0370E,151,187,654,1283,2142
0370F,586,553,2074,4153,7428
0370G,306,407,1447,3192,3473
03710,55,534,1268,1170,611
03720,18,159,289,473,204
0372A,1,41,65,111,28
03730,17,160,430,368,336
03740,23,194,551,515,305
03750,48,447,1536,1708,748
03755,3,5,18,35,14
03760,16,183,333,374,291
03770,64,568,1427,1710,1159
03772,43,375,613,758,587
03774,5,41,166,242,218
0377A,1560,1422,8701,9997,19213
03780,5,8,73,84,111
03782,16,89,357,294,266
03784,5,24,80,94,73
03786,9,71,275,278,119
03788,5,39,151,168,67
03790,14,83,311,322,264
03792,3,33,140,138,140
03794,7,35,180,171,117
03800,55,185,624,640,688
03810,27,145,477,386,281
03820,21,97,440,520,289
03830,40,257,716,736,520
03840,781,3524,6666,8967,10937
03845,81,563,1111,1471,1721
03846,44,212,328,612,712
03848,4,29,121,156,70
03850,8,148,256,358,131
03852,4,14,47,108,27
03854,4,39,71,157,32
03860,16,123,355,446,199
03862,10,44,173,250,83
03864,56,301,933,937,586
03870,25,102,474,452,207
03880,26,90,260,454,466
03885,4,7,31,75,57
03890,47,365,1273,1242,822
03900,144,1691,3452,4103,3317
03904,18,161,437,507,416
03906,7,63,198,192,93
03908,2,50,52,117,86
03910,7,20,48,140,96
03915,6,68,204,598,241
03920,13,242,367,352,327
03930,28,153,435,504,411
03935,5,73,184,198,193
03940,241,1647,2789,3997,3102
0394A,393,358,4888,2217,3036
03950,6,82,179,305,110
03955,15,203,704,1080,348
03960,44,236,599,1091,1121
03965,9,42,96,202,150
0396A,0,4,16,19,4
03970,41,245,784,1153,711
03975,41,213,554,1149,815
0397A,784,551,4120,4759,8103
0397B,1148,752,4927,6978,15102
0397C,961,660,4933,6255,13438
03980,46,406,1237,1399,670
0398A,2389,1838,6732,14986,37107
0398B,2215,1573,7868,12347,25286
03990,218,1533,5617,5961,2521
03992,290,1457,4461,5195,2487
03994,204,1425,3561,4391,2436
03996,141,832,2685,3024,1650
0399A,1211,892,4471,7443,15836
0399B,1102,794,3834,6730,11787
0399C,47,45,164,431,736
0399D,1025,797,4351,6065,11690
0399E,694,503,2749,4516,7984
0399F,1954,1479,9607,12404,20016
0399G,647,451,1888,3922,10074
04000,63,519,2033,2352,1113
04010,30,327,1385,1134,948
04015,37,433,981,927,637
0401A,875,928,9847,7294,8282
04020,87,1066,2674,3252,1247
04030,125,1368,1824,3114,2134
04040,86,1044,2492,3007,1837
04045,5,138,289,332,145
04050,19,269,610,765,225
04060,11,208,383,487,450
04070,25,93,220,373,212
04080,353,3027,5059,6302,5306
04090,17,77,210,281,178
04100,41,604,957,1315,857
04101,12,13,60,60,71
04102,182,154,606,552,1007
04103,338,403,1218,1061,2325
04104,273,386,1293,1022,1896
04105,122,160,748,451,796
04106,108,198,1096,591,880
04107,130,95,361,306,832
04108,138,167,436,669,932
04109,297,511,475,1715,2038
04110,247,560,881,1843,1911
04111,45,65,50,290,557
04112,88,200,291,520,553
04113,45,82,594,336,369
04114,130,227,1033,868,944
04115,73,145,717,528,564
04116,71,135,388,444,436
04117,55,62,299,221,232
04118,235,438,1078,1331,1665
04119,89,233,366,607,965
04120,206,434,1414,1836,1620
04121,62,111,144,277,330
04122,45,72,136,258,340
04123,86,226,254,658,837
04124,114,174,189,509,888
04125,69,145,245,408,552
04126,91,192,301,480,664
04127,179,294,380,1076,1711
04128,81,139,233,519,579
04129,280,617,880,1995,2441
04130,261,1303,3398,4068,2875
04131,5,10,57,46,61
04132,7,55,102,245,98
04134,0,2,2,19,10
04140,39,185,629,1074,697
04145,50,172,423,815,693
04150,28,206,620,860,336
04160,144,1504,2565,3642,3328
04170,1,1,2,9,4
04172,26,264,516,648,380
04174,40,139,487,501,423
04180,73,334,726,1702,1309
04185,13,52,158,197,114
04190,21,66,192,287,328
04200,286,926,1935,4154,3427
04205,480,1836,3891,6591,6119
04210,227,974,1751,5332,4565
04220,19,248,715,961,468
04224,5,54,203,314,94
04230,363,1546,4474,5992,5079
04240,25,213,610,689,406
04245,56,316,836,1298,619
04250,710,2618,7043,11181,8507
0491A,339,196,1168,2024,5446
0496A,366,288,1906,2584,5029
0496B,377,286,2042,2459,4449
0496C,437,353,2668,2670,4987
0496D,491,392,2940,3193,5711
0496E,214,162,902,1023,2037
0496F,10,8,53,52,79
0497A,10,15,94,215,148
0497B,296,269,1930,2090,3314
0497C,288,235,1454,1952,3283
0497D,292,268,2154,2326,3135
0497E,319,279,1996,2532,3696
0497F,101,93,433,984,934
0503A,258,244,1954,1757,2714
0504A,801,874,8353,4163,7920
0505A,384,330,1902,2057,4107
0505B,93,88,360,759,1113
0508A,380,359,2805,2603,3571
0508B,229,185,1061,1836,3012
0508C,262,200,1354,1871,3245
0508D,254,202,1488,2421,3628
0508E,275,213,1403,1952,2628
0508F,34,51,338,629,578
0508G,12,24,73,145,240
0509A,236,253,1749,2369,2455
0513A,655,504,3286,4239,7092
0534A,1633,1552,10729,12411,19368
0535A,2092,1592,7826,12069,22145
0536A,150,187,2324,1845,1628
0548A,6,5,73,58,108
0567A,7,12,137,111,53
0568A,2,7,39,45,63
0576A,3,4,46,31,16
0583A,1048,663,2666,5790,20534
0583B,796,524,2329,4732,14349
0583C,679,415,1770,3987,10702
0583D,686,523,2120,5134,13157
0583E,365,288,1059,4012,8364
0590A,1511,1154,6060,7412,17052
0593A,410,353,2626,2299,3422
0613A,14,21,177,145,173
0613B,31,21,196,141,367
0617A,0,0,7,6,1
0622A,426,437,2503,2870,4348
0622B,91,86,681,611,745
0624A,5,10,37,105,167
0626A,1470,1059,5940,7016,12833
0629A,2146,1426,5744,9508,24321
0629B,1362,1032,3684,6706,18523
06301,42,41,84,415,492
06302,54,91,232,550,641
06303,150,170,466,1164,1143
06304,78,71,134,502,537
06305,314,361,1512,2119,2103
06306,311,366,1076,2467,2820
06307,292,338,2374,2048,1962
06308,271,324,1282,1923,1936
06309,169,174,580,1048,1152
06310,239,275,819,1689,1537
06311,463,574,1285,3337,3931
06312,353,399,507,2937,3747
06313,161,184,306,1386,1680
06314,90,96,118,821,1176
06315,15,25,261,229,175
0631A,1312,934,4653,6906,17917
0631B,273,281,1980,1832,2687
0631C,740,409,2064,3346,8013
0631D,1303,850,4538,6369,15593
0632A,491,376,1901,2441,4515
0632B,126,109,724,762,1183
0635A,2976,2096,8222,15586,45381
0635B,3777,2555,9953,18482,50405
0635C,1822,1284,4292,9637,28219
0635D,1423,920,3066,7904,23108
0635E,1435,980,2918,8027,24005
0635F,29,30,158,283,415
06501,118,139,773,922,625
06502,119,153,839,1061,901
06503,160,199,641,1137,1095
06504,139,192,510,1104,985
06505,111,89,606,709,550
06506,79,136,990,787,500
06507,128,156,342,930,833
06508,126,165,588,1070,890
06509,163,206,1281,1174,844
06510,141,231,537,1284,919
06511,65,111,1263,786,532
06512,145,219,535,1252,794
06513,187,216,515,1448,1387
06514,163,196,422,1214,1222
06515,45,96,185,447,384
06516,51,70,495,496,410
06517,131,126,214,925,1259
06518,101,109,220,867,778
06519,73,93,160,612,520
06520,13,10,68,126,98
06521,41,48,132,421,334
06522,43,37,107,323,328
06523,30,44,86,304,519
06524,32,44,94,374,378
0652A,4499,3094,14096,25632,57526
0655A,1704,1194,4939,10975,23711
0663A,1703,1295,6904,9998,18024
0663B,1669,1198,5212,10794,22980
0663C,2664,1783,7252,15680,36385
0663D,822,668,2153,6092,14955
0664A,950,758,3249,6250,11914
0664B,948,664,2678,6071,12882
0666A,1092,978,6146,6167,11380
0668A,1240,985,5509,7849,16926
0668B,1978,1517,9447,10637,20777
0681A,2,4,47,44,56
0686A,334,576,2111,4086,3534
07001,72,509,721,1563,877
07002,31,305,426,918,583
07003,49,219,352,572,577
07004,21,99,144,234,230
07005,54,215,648,840,565
07006,56,193,576,829,485
07007,37,134,352,558,378
07008,22,78,146,224,190
0705A,3,24,101,147,139
0711A,149,352,1894,1701,1650
0711B,225,454,1791,2346,2438
0711C,375,701,2752,3593,4058
0711D,500,1123,3562,5082,5410
0711E,411,872,2726,4075,4414
0718A,0,0,6,6,6
0719A,0,0,4,10,1
0723A,0,1,18,14,17
0731A,11,18,192,204,149
0734A,3,3,24,26,49
0742B,1,4,16,32,26
0746A,3,12,145,87,196
0747A,3,19,95,68,60
0748A,254,907,3447,3915,3824
0748B,287,730,3648,3755,3816
0748C,230,737,3052,3835,4459
0748D,244,862,3935,4187,3815
0748E,1,4,18,27,31
0754A,12,38,298,244,130
0768A,529,589,4142,4608,4871
0768B,431,444,3197,4742,5857
0768C,563,549,3886,5443,7271
0769A,109,103,868,1097,1335
0770A,24,50,1152,764,291
0770B,80,109,844,1049,1342
0770C,117,132,1366,1359,1428
0770D,564,402,1540,4253,8806
0770E,89,81,416,726,1605
0770F,386,322,1306,2952,6623
0771A,110,140,1293,1316,1307
0771B,198,201,2330,2258,2067
0771C,733,728,3752,5616,9281
0771D,792,730,3798,5995,10475
0772A,313,382,3009,4126,4928
0772B,70,103,512,829,1100
0773A,1908,1732,8817,14675,24494
0773B,556,586,2081,4089,10153
0777A,0,5,41,39,23
0783A,362,315,2134,2774,7554
0785A,683,558,4888,4126,7469
0785B,1106,882,7273,7451,14749
0786A,476,355,2523,2523,5894
0787A,759,653,7370,4131,7156
0788A,1599,1096,5941,9551,25130
0788B,865,552,3751,5243,12310
0788C,802,492,2472,4607,16286
0789A,1158,818,4029,6577,13281
0789B,633,478,2638,3343,6172
0789C,591,564,4022,3607,6096
0789D,693,485,2127,3597,8571
0789E,630,470,2727,3417,5831
0789F,505,412,2504,2661,4587
0790A,360,292,1463,2270,3982
0791A,886,714,3855,6134,11763
0791B,816,641,4814,5193,9737
0792A,510,467,2520,3448,5711
0792B,350,315,1230,2514,4466
0792C,565,434,2121,3497,7249
0792D,624,458,2139,3219,6417
0846A,3,6,43,67,76
0849A,4,18,138,117,84
0855A,0,1,17,11,5
0857A,0,1,5,8,0
0857B,2,4,30,33,29
0862A,1,5,52,57,49
0863A,5,22,86,94,122
0864A,5,8,66,103,110
0871A,0,0,24,11,1
0871B,0,2,47,11,1
0871C,0,4,20,23,6
0878A,361,289,1766,3000,6671
0879A,567,419,2721,4027,7618
0880A,98,59,390,586,1389
0880B,89,75,741,610,1050
0882A,15,28,156,153,290
0892A,1103,1165,9769,7507,8794
0901A,262,494,1804,2602,3746
0901B,451,1000,4078,4621,4917
0933A,196,517,1280,2230,2261
0933B,207,441,2010,2227,2065
0933C,115,288,2618,1453,1167
0933D,79,216,1274,999,949
0933E,119,298,958,1221,1670
0933F,195,460,1689,1923,1862
0933G,126,287,567,1298,1562
0933H,120,312,695,1365,1422
0933I,275,738,1853,2545,2726
0933J,117,348,1205,1301,1322
0933K,312,683,4254,2858,2738
0933L,566,1265,6739,5439,5042
0933M,2,10,28,56,26
0955A,76,129,689,699,556
0955B,25,30,191,234,229
0961A,0,1,19,14,5
0961D,0,2,31,58,35
0973A,50,69,459,350,437
0975A,0,2,10,14,9
0975B,22,20,119,195,160
0993A,200,237,5318,1801,1598
1000A,227,197,2201,1483,1542
1001A,330,555,4952,4667,3511
1001B,84,194,679,1410,528
1001C,51,141,486,948,392
1008A,47,155,340,1095,518
1008B,95,212,569,1516,685
1008C,120,337,937,2266,1079
1008D,89,216,676,1594,681
1008E,79,198,774,1425,969
1011A,35,86,601,1300,492
1015A,21,23,131,300,210
1015B,29,43,70,328,298
1021A,56,124,303,935,834
1021B,39,95,172,724,517
1021C,155,326,657,2664,999
1022A,56,111,427,876,412
1022B,33,123,562,830,398
1022C,88,210,445,1251,578
1022D,63,164,475,1145,572
1022E,62,163,409,1210,650
1022F,55,128,206,850,600
3001A,27,107,438,1038,792
3001B,229,627,1506,4871,1781
